{"cameraMode":{"drawMode":0,"name":"Shaded","section":"Shading Mode"},"sceneLighting":true,"audioPlay":false,"sceneViewState":{"showFog":false,"showMaterialUpdate":false,"showSkybox":false,"showFlares":false,"showImageEffects":false,"showParticleSystems":false},"in2DMode":false,"pivot":{"x":3.931321382522583,"y":-0.06758155673742295,"z":7.566483020782471},"rotation":{"x":0.23836034536361695,"y":0.23746229708194734,"z":-0.06022818014025688,"w":0.9397724866867065},"size":7.396790027618408,"orthographic":false}