{"cameraMode":{"drawMode":0,"name":"Shaded","section":"Shading Mode"},"sceneLighting":true,"audioPlay":false,"sceneViewState":{"showFog":false,"showMaterialUpdate":false,"showSkybox":false,"showFlares":false,"showImageEffects":false,"showParticleSystems":false},"in2DMode":false,"pivot":{"x":-1.475279450416565,"y":25.001676559448243,"z":-34.13291549682617},"rotation":{"x":0.4438493549823761,"y":-0.005376346409320831,"z":0.002663100603967905,"w":0.8960818648338318},"size":10.0,"orthographic":false}