{"cameraMode":{"drawMode":0,"name":"Shaded","section":"Shading Mode"},"sceneLighting":true,"audioPlay":false,"sceneViewState":{"showFog":false,"showMaterialUpdate":false,"showSkybox":false,"showFlares":false,"showImageEffects":false,"showParticleSystems":false},"in2DMode":false,"pivot":{"x":4.429999828338623,"y":0.9466044902801514,"z":-4.333395957946777},"rotation":{"x":0.47714951634407046,"y":0.14375796914100648,"z":-0.07945114374160767,"w":0.8633379936218262},"size":4.512563705444336,"orthographic":false}